Latitude,Longitude,City,Country,Max Temp,Humidity,Wind Speed,Cloudiness,Date
65.99,57.53,usinsk,ru,40.41,82.0,7.83,42.0,1601230347.0
77.48,-69.36,qaanaaq,gl,14.2,78.0,6.93,0.0,1601230347.0
-21.36,55.77,saint-philippe,re,69.8,64.0,5.82,84.0,1601230347.0
71.0,24.66,havoysund,no,44.6,69.0,11.41,0.0,1601230348.0
-21.01,55.27,saint-paul,re,69.8,88.0,8.05,88.0,1601230348.0
-3.8,102.27,bengkulu,id,76.05,85.0,4.65,79.0,1601230349.0
-54.8,-68.3,ushuaia,ar,42.8,70.0,16.11,75.0,1601230136.0
56.45,138.17,ayan,ru,51.17,93.0,6.22,67.0,1601230350.0
-37.62,-73.65,lebu,cl,54.63,70.0,13.69,0.0,1601230350.0
-22.97,-42.03,arraial do cabo,br,93.2,55.0,14.99,100.0,1601230332.0
63.59,-135.9,mayo,ca,41.0,86.0,9.17,75.0,1601230350.0
-42.88,147.33,hobart,au,48.0,75.0,3.36,90.0,1601230236.0
-28.77,114.6,geraldton,au,51.8,87.0,5.82,40.0,1601230351.0
-33.93,18.42,cape town,za,55.99,76.0,5.82,20.0,1601230250.0
71.29,-156.79,barrow,us,32.0,96.0,8.05,90.0,1601230272.0
22.08,-159.32,kapaa,us,80.6,74.0,10.29,40.0,1601230352.0
16.15,36.2,wagar,sd,96.57,21.0,2.64,0.0,1601230352.0
69.41,86.18,dudinka,ru,33.8,100.0,4.47,75.0,1601230353.0
63.05,179.32,beringovskiy,ru,33.13,89.0,10.33,10.0,1601230353.0
57.05,-135.33,sitka,us,53.6,71.0,29.97,90.0,1601230353.0
32.87,59.22,birjand,ir,71.6,13.0,13.87,20.0,1601230354.0
-53.15,-70.92,punta arenas,cl,50.0,46.0,16.11,90.0,1601230354.0
20.89,-156.47,kahului,us,75.99,69.0,7.54,20.0,1601230178.0
-20.23,164.02,poum,nc,74.35,83.0,12.03,66.0,1601230355.0
-9.8,-139.03,atuona,pf,78.01,74.0,16.67,5.0,1601230355.0
-5.12,120.25,sinjai,id,74.61,62.0,3.47,80.0,1601230355.0
-23.12,-134.97,rikitea,pf,74.1,82.0,12.21,21.0,1601230356.0
-34.42,19.23,hermanus,za,46.99,85.0,2.48,12.0,1601230316.0
-45.87,170.5,dunedin,nz,39.99,58.0,15.84,9.0,1601230357.0
44.9,22.04,bania,ro,62.6,63.0,5.82,21.0,1601230357.0
38.52,-28.7,ribeira grande,pt,73.4,83.0,3.36,40.0,1601230340.0
-46.6,168.33,bluff,nz,34.0,95.0,8.99,95.0,1601230324.0
-7.93,-14.42,georgetown,sh,73.98,77.0,17.4,76.0,1601230358.0
-33.65,115.33,busselton,au,53.01,85.0,8.97,86.0,1601230139.0
69.45,-133.04,tuktoyaktuk,ca,35.6,100.0,8.05,90.0,1601230351.0
-35.02,117.89,albany,au,55.4,93.0,8.05,90.0,1601230284.0
37.57,44.29,yuksekova,tr,62.6,59.0,6.93,0.0,1601230359.0
-15.53,167.17,luganville,vu,77.14,80.0,8.61,30.0,1601230360.0
23.32,90.22,char bhadrasan,bd,84.2,70.0,6.44,40.0,1601230360.0
56.21,87.75,mariinsk,ru,37.87,95.0,3.6,51.0,1601230360.0
52.14,-10.27,dingle,ie,60.8,82.0,3.36,75.0,1601230361.0
-7.95,110.28,bambanglipuro,id,76.75,85.0,8.66,96.0,1601230342.0
45.95,-66.67,fredericton,ca,69.8,77.0,12.75,20.0,1601230343.0
13.3,19.7,oum hadjer,td,85.51,53.0,2.21,28.0,1601230361.0
62.67,135.6,khandyga,ru,51.42,79.0,12.08,100.0,1601230362.0
10.67,122.95,bacolod,ph,78.48,79.0,1.28,42.0,1601230362.0
41.11,42.7,ardahan,tr,52.84,57.0,2.44,1.0,1601230363.0
-20.32,118.57,port hedland,au,71.6,83.0,9.17,0.0,1601230261.0
-21.2,-175.2,vaini,to,71.6,83.0,4.7,75.0,1601230363.0
54.23,85.8,salair,ru,35.64,90.0,2.35,11.0,1601230364.0
-34.53,20.04,bredasdorp,za,50.0,76.0,3.85,30.0,1601230365.0
29.97,32.53,suez,eg,77.72,66.0,13.67,0.0,1601230366.0
-22.28,166.46,noumea,nc,69.8,94.0,3.36,90.0,1601230366.0
70.47,-68.59,clyde river,ca,26.6,92.0,9.17,1.0,1601230366.0
35.91,111.32,gucheng,cn,65.07,68.0,1.03,24.0,1601230367.0
-33.02,27.91,east london,za,57.2,71.0,5.82,20.0,1601230367.0
13.89,120.05,cabra,ph,84.43,74.0,5.68,93.0,1601230368.0
69.7,170.31,pevek,ru,33.39,90.0,22.08,70.0,1601230334.0
50.2,-66.38,sept-iles,ca,50.0,100.0,4.7,90.0,1601230368.0
22.52,-79.47,caibarien,cu,86.0,74.0,5.82,40.0,1601230369.0
-0.6,73.08,hithadhoo,mv,83.17,67.0,4.81,86.0,1601230369.0
-42.47,-73.77,castro,cl,57.0,72.0,1.01,75.0,1601230369.0
39.01,-77.43,sterling,us,78.01,69.0,4.7,75.0,1601230350.0
28.5,-13.86,puerto del rosario,es,78.8,57.0,26.4,20.0,1601230370.0
65.61,-37.64,tasiilaq,gl,37.4,86.0,9.17,90.0,1601230370.0
13.77,109.23,qui nhon,vn,78.46,85.0,4.14,100.0,1601230370.0
27.97,-82.8,clearwater,us,91.99,52.0,3.36,1.0,1601230371.0
38.8,-9.45,colares,pt,68.0,68.0,28.86,20.0,1601230371.0
55.74,-97.86,thompson,ca,42.8,87.0,11.41,90.0,1601230372.0
58.81,-122.7,fort nelson,ca,42.8,87.0,5.82,75.0,1601230199.0
7.3,-72.49,labateca,co,87.8,48.0,11.41,75.0,1601230373.0
64.25,-15.21,hofn,is,48.2,100.0,14.99,90.0,1601230374.0
-22.67,167.48,vao,nc,71.38,88.0,16.42,83.0,1601230375.0
54.43,113.6,bagdarin,ru,32.7,91.0,3.96,26.0,1601230333.0
57.4,45.09,varnavino,ru,48.49,76.0,4.68,69.0,1601230375.0
30.48,-115.95,san quintin,mx,73.78,63.0,7.16,9.0,1601230375.0
27.91,-15.45,aguimes,es,78.8,54.0,25.28,75.0,1601230376.0
62.46,-114.35,yellowknife,ca,46.99,87.0,6.93,90.0,1601230338.0
-38.0,-57.56,mar del plata,ar,54.0,100.0,10.29,90.0,1601230158.0
54.43,31.9,sobolevo,ru,58.28,60.0,14.88,57.0,1601230377.0
64.38,-173.3,provideniya,ru,31.75,92.0,9.31,23.0,1601230377.0
-6.88,112.21,labuhan,id,78.75,77.0,12.01,76.0,1601230377.0
-11.1,-77.61,hualmay,pe,67.95,66.0,9.37,17.0,1601230378.0
-33.59,26.89,port alfred,za,54.97,67.0,8.43,0.0,1601230378.0
-0.74,-90.35,puerto ayora,ec,71.01,83.0,7.0,95.0,1601230378.0
19.73,-155.09,hilo,us,72.0,73.0,3.36,40.0,1601230379.0
14.14,-90.01,jalpatagua,gt,86.0,70.0,4.7,20.0,1601230379.0
-3.75,-73.25,iquitos,pe,89.6,62.0,5.82,75.0,1601230379.0
-33.87,121.9,esperance,au,51.8,100.0,5.82,40.0,1601230380.0
-16.77,31.58,mount darwin,zw,78.48,22.0,3.91,63.0,1601230380.0
36.62,101.77,xining,cn,56.75,70.0,5.35,100.0,1601230380.0
-4.58,-81.27,talara,pe,75.2,64.0,19.46,0.0,1601230381.0
24.91,121.15,yangmei,tw,71.01,96.0,8.52,100.0,1601230382.0
-22.52,-63.8,tartagal,ar,70.29,35.0,7.14,100.0,1601230231.0
50.47,20.72,busko-zdroj,pl,53.01,69.0,5.99,55.0,1601230383.0
46.95,128.88,langxiang,cn,54.41,91.0,3.49,74.0,1601230383.0
32.19,-115.0,estacion coahuila,mx,91.0,58.0,4.7,40.0,1601230384.0
-33.7,-53.46,chuy,uy,66.06,93.0,8.03,100.0,1601230385.0
69.31,16.12,andenes,no,39.2,57.0,3.36,0.0,1601230385.0
-24.87,113.63,carnarvon,au,68.0,68.0,18.34,9.0,1601230385.0
24.8,125.28,hirara,jp,76.96,75.0,8.5,100.0,1601230125.0
17.2,-25.09,ponta do sol,cv,87.8,70.0,21.92,40.0,1601230386.0
65.28,-126.83,norman wells,ca,44.6,81.0,6.93,20.0,1601230386.0
60.72,-135.05,whitehorse,ca,41.0,80.0,14.99,90.0,1601230109.0
-20.33,-40.29,vila velha,br,91.4,41.0,16.11,0.0,1601230361.0
34.64,-99.33,altus,us,82.4,51.0,4.7,1.0,1601230227.0
50.6,97.52,kungurtug,ru,28.47,88.0,0.31,10.0,1601230387.0
52.35,115.52,vershino-darasunskiy,ru,31.77,98.0,5.03,11.0,1601230387.0
-7.45,-41.48,itainopolis,br,100.47,20.0,8.43,0.0,1601230388.0
60.14,-45.24,nanortalik,gl,39.22,81.0,15.61,0.0,1601230388.0
-26.58,18.13,keetmanshoop,na,54.09,35.0,12.06,0.0,1601230389.0
4.17,73.51,male,mv,84.2,79.0,3.36,75.0,1601230389.0
69.22,-51.1,ilulissat,gl,33.8,69.0,8.05,74.0,1601230246.0
5.88,-10.05,buchanan,lr,80.6,83.0,3.36,75.0,1601230390.0
39.52,47.03,hadrut,az,61.34,58.0,5.82,65.0,1601230391.0
38.42,77.24,shache,cn,56.37,37.0,7.4,21.0,1601230391.0
67.67,12.69,sorland,no,51.8,66.0,18.34,0.0,1601230392.0
37.46,-122.43,half moon bay,us,80.01,72.0,3.36,1.0,1601230199.0
71.92,114.08,saskylakh,ru,40.42,92.0,10.33,100.0,1601230392.0
18.42,-64.62,road town,vg,87.01,77.0,8.05,40.0,1601230393.0
-8.14,159.59,buala,sb,77.79,87.0,15.52,100.0,1601230394.0
-7.84,-79.15,chicama,pe,73.13,55.0,10.87,15.0,1601230377.0
-33.92,25.57,port elizabeth,za,55.4,66.0,16.11,20.0,1601230229.0
-33.01,17.94,saldanha,za,51.8,66.0,3.36,36.0,1601230394.0
-17.78,15.68,oshakati,na,73.8,19.0,4.56,0.0,1601230395.0
66.77,123.37,zhigansk,ru,41.67,84.0,3.15,97.0,1601230395.0
60.82,-115.8,hay river,ca,48.2,87.0,5.82,75.0,1601230266.0
-4.62,55.45,victoria,sc,80.6,83.0,12.75,20.0,1601230396.0
61.95,159.23,evensk,ru,43.77,85.0,6.15,73.0,1601230334.0
-20.34,57.76,bambous virieux,mu,73.0,83.0,11.41,40.0,1601230396.0
36.62,-121.92,pacific grove,us,80.01,56.0,5.82,1.0,1601230310.0
39.05,-27.98,lagoa,pt,71.49,86.0,5.26,0.0,1601230355.0
34.45,40.92,abu kamal,sy,85.06,28.0,12.37,0.0,1601230397.0
65.82,87.98,turukhansk,ru,47.28,95.0,15.05,98.0,1601230397.0
45.72,42.9,ipatovo,ru,62.22,60.0,18.86,26.0,1601230398.0
33.73,135.37,tanabe,jp,66.99,75.0,12.01,0.0,1601230398.0
-15.05,35.2,liwonde,mw,81.01,32.0,4.94,44.0,1601230399.0
-21.48,-56.14,jardim,br,94.69,35.0,7.4,56.0,1601230400.0
53.6,91.39,belyy yar,ru,35.6,93.0,2.01,95.0,1601230401.0
-34.67,-54.92,maldonado,uy,64.4,93.0,8.05,90.0,1601230106.0
28.38,36.58,tabuk,sa,91.4,15.0,12.75,0.0,1601230401.0
66.03,60.17,inta,ru,40.64,81.0,7.0,35.0,1601230402.0
-18.19,31.55,marondera,zw,71.53,41.0,9.51,62.0,1601230402.0
10.62,104.18,kampot,kh,77.0,88.0,4.7,40.0,1601230402.0
0.6,-80.03,muisne,ec,86.0,74.0,9.17,75.0,1601230403.0
51.71,143.23,katangli,ru,43.66,86.0,6.76,98.0,1601230387.0
17.92,-87.97,san pedro,bz,90.0,75.0,6.93,75.0,1601230403.0
11.67,92.75,port blair,in,82.45,80.0,11.27,99.0,1601230404.0
-34.0,24.73,kruisfontein,za,52.0,69.0,6.8,4.0,1601230404.0
70.98,25.97,honningsvag,no,44.6,61.0,11.41,0.0,1601230404.0
5.88,-56.32,totness,sr,87.22,60.0,5.68,80.0,1601230405.0
16.89,-24.98,mindelo,cv,87.8,70.0,21.92,40.0,1601230405.0
21.8,87.22,jaleswar,in,81.03,83.0,3.58,3.0,1601230406.0
-46.28,169.85,kaitangata,nz,37.0,72.0,7.0,63.0,1601230406.0
-21.15,149.2,mackay,au,64.4,93.0,5.82,75.0,1601230405.0
63.75,-68.51,iqaluit,ca,32.0,93.0,8.05,75.0,1601230276.0
32.38,-64.68,saint george,bm,80.6,78.0,14.99,75.0,1601230407.0
-45.42,167.72,te anau,nz,32.74,94.0,6.33,71.0,1601230407.0
39.36,117.06,yangcun,cn,68.0,88.0,4.47,31.0,1601230408.0
24.08,-105.93,tayoltita,mx,87.84,32.0,4.05,0.0,1601230409.0
18.77,84.42,palasa,in,80.91,78.0,3.6,47.0,1601230409.0
40.6,-124.16,fortuna,us,70.0,72.0,8.05,20.0,1601230326.0
57.79,43.19,kadyy,ru,48.13,75.0,5.01,0.0,1601230410.0
-32.03,-52.1,rio grande,br,69.01,89.0,1.99,100.0,1601230270.0
66.32,-179.17,egvekinot,ru,26.96,90.0,5.46,0.0,1601230410.0
-41.75,171.6,westport,nz,45.95,65.0,19.6,74.0,1601230411.0
-17.73,-149.15,tautira,pf,80.6,74.0,5.82,20.0,1601230337.0
60.26,37.98,lipin bor,ru,53.06,84.0,7.63,0.0,1601230411.0
21.07,-104.07,hostotipaquillo,mx,82.0,65.0,2.01,56.0,1601230412.0
3.78,72.97,mahibadhoo,mv,81.28,75.0,1.41,8.0,1601230412.0
-20.21,57.76,quatre cocos,mu,73.0,83.0,11.41,40.0,1601230412.0
15.17,44.32,sayyan,ye,66.83,25.0,11.39,92.0,1601230413.0
62.16,-7.17,vestmanna,fo,46.4,87.0,19.46,100.0,1601230413.0
12.04,125.48,dolores,ph,81.63,79.0,4.94,39.0,1601230413.0
73.51,80.55,dikson,ru,37.56,76.0,24.34,98.0,1601230414.0
45.76,106.27,mandalgovi,mn,42.15,58.0,13.35,44.0,1601230414.0
59.7,30.79,nikolskoye,ru,62.01,82.0,8.95,0.0,1601230414.0
42.24,125.72,liuhe,cn,53.74,90.0,5.5,0.0,1601230415.0
52.65,16.81,oborniki,pl,52.0,93.0,3.36,100.0,1601230274.0
-15.94,-5.72,jamestown,sh,61.39,89.0,22.41,75.0,1601230416.0
53.13,46.5,poselki,ru,50.38,52.0,7.0,93.0,1601230416.0
34.88,-76.9,havelock,us,81.0,73.0,5.82,90.0,1601230417.0
22.98,-82.92,cabanas,cu,89.6,55.0,3.36,40.0,1601230418.0
-2.57,150.8,kavieng,pg,80.89,81.0,10.51,76.0,1601230412.0
32.79,-79.86,mount pleasant,us,82.99,65.0,4.99,1.0,1601230418.0
0.8,127.4,ternate,id,80.06,80.0,3.89,12.0,1601230419.0
-12.07,134.27,maningrida,au,73.26,90.0,5.44,5.0,1601230419.0
21.35,-158.09,makakilo city,us,77.0,83.0,3.36,1.0,1601230419.0
-30.18,-50.21,cidreira,br,68.83,89.0,6.73,100.0,1601230420.0
71.69,128.87,tiksi,ru,40.44,89.0,4.54,98.0,1601230420.0
29.11,21.29,awjilah,ly,91.8,24.0,7.34,0.0,1601230421.0
-2.92,-39.92,itarema,br,83.71,58.0,19.57,51.0,1601230421.0
-42.78,147.06,new norfolk,au,46.99,72.0,1.01,27.0,1601230336.0
-8.76,31.11,mpulungu,zm,79.18,45.0,3.65,62.0,1601230421.0
34.5,62.0,herat,af,68.0,18.0,5.82,0.0,1601230422.0
-9.11,124.89,atambua,id,71.67,81.0,4.43,55.0,1601230422.0
-6.15,23.6,mbuji-mayi,cd,80.19,56.0,2.08,46.0,1601230423.0
-16.62,-72.71,camana,pe,64.18,67.0,9.35,64.0,1601230204.0
2.15,27.99,wamba,cd,68.41,98.0,4.74,99.0,1601230424.0
41.48,-73.21,southbury,us,80.01,73.0,6.93,75.0,1601230345.0
46.49,135.88,vostok,ru,39.15,86.0,4.12,0.0,1601230413.0
8.92,-67.43,calabozo,ve,89.56,63.0,1.32,45.0,1601230425.0
40.8,-74.31,livingston,us,80.01,61.0,3.36,40.0,1601230426.0
-20.41,57.7,mahebourg,mu,71.6,83.0,11.41,40.0,1601230426.0
-9.67,-35.74,maceio,br,80.6,69.0,9.17,75.0,1601230427.0
-19.8,-174.35,pangai,to,75.2,64.0,12.75,75.0,1601230427.0
47.67,-52.73,torbay,ca,68.0,68.0,21.92,90.0,1601230427.0
51.26,-80.61,moose factory,ca,62.6,100.0,5.82,90.0,1601230428.0
-2.22,-80.97,salinas,ec,71.6,78.0,10.29,75.0,1601230252.0
41.37,-73.41,bethel,us,78.01,73.0,6.93,90.0,1601230428.0
-5.63,32.77,sikonge,tz,77.0,65.0,4.74,20.0,1601230429.0
19.22,-104.7,san patricio,mx,85.5,69.0,5.48,26.0,1601230370.0
63.84,-22.43,grindavik,is,46.4,87.0,14.99,75.0,1601230429.0
71.97,102.5,khatanga,ru,31.95,93.0,13.82,89.0,1601230430.0
-2.88,108.27,manggar,id,77.83,80.0,3.56,100.0,1601230430.0
9.29,105.72,bac lieu,vn,76.39,90.0,12.73,100.0,1601230430.0
13.75,-13.76,tambacounda,sn,93.2,56.0,4.7,40.0,1601230431.0
-6.22,-57.75,jacareacanga,br,97.34,32.0,5.08,85.0,1601230431.0
-12.93,34.3,nkhotakota,mw,76.03,66.0,1.41,79.0,1601230432.0
34.64,-120.46,lompoc,us,71.6,68.0,3.62,1.0,1601230197.0
-33.46,18.73,malmesbury,za,55.0,74.0,5.53,62.0,1601230433.0
51.32,42.77,kamenka,ru,56.01,38.0,14.72,24.0,1601230434.0
24.83,-104.83,durango,mx,76.28,22.0,3.53,0.0,1601230237.0
-23.85,151.25,gladstone,au,60.8,77.0,4.7,40.0,1601230435.0
60.75,-137.51,haines junction,ca,40.21,84.0,3.98,100.0,1601230427.0
9.17,-83.33,buenos aires,cr,83.86,62.0,3.4,78.0,1601230170.0
27.98,-114.06,guerrero negro,mx,77.83,56.0,9.13,0.0,1601230323.0
68.22,-135.01,aklavik,ca,33.8,86.0,2.3,75.0,1601230435.0
15.74,-96.47,pochutla,mx,80.6,78.0,11.41,90.0,1601230436.0
66.15,-65.71,pangnirtung,ca,35.6,69.0,4.7,20.0,1601230350.0
-1.94,-50.82,portel,br,92.3,44.0,3.33,61.0,1601230436.0
-18.4,47.87,anjozorobe,mg,64.4,77.0,6.93,20.0,1601230437.0
22.89,-109.91,cabo san lucas,mx,91.0,66.0,6.93,5.0,1601230437.0
37.72,-25.43,vila franca do campo,pt,71.6,88.0,10.29,40.0,1601230438.0
14.51,-92.19,ocos,gt,87.8,70.0,5.82,75.0,1601230438.0
5.95,80.54,matara,lk,78.82,86.0,7.94,40.0,1601230438.0
16.6,-22.9,santa maria,cv,86.0,74.0,14.99,75.0,1601230439.0
26.12,127.67,itoman,jp,78.8,69.0,8.05,75.0,1601230439.0
-5.2,-35.46,touros,br,86.0,58.0,17.22,40.0,1601230440.0
2.82,-60.67,boa vista,br,89.6,52.0,5.82,75.0,1601230294.0
-5.09,-81.11,paita,pe,75.2,64.0,19.46,4.0,1601230440.0
56.85,105.25,yantal,ru,41.31,82.0,7.94,100.0,1601230441.0
-33.04,-71.63,valparaiso,cl,62.6,55.0,5.82,0.0,1601230306.0
-21.87,166.05,bouloupari,nc,69.8,94.0,3.36,90.0,1601230442.0
17.25,-88.77,belmopan,bz,91.0,54.0,3.0,72.0,1601230442.0
62.86,51.89,sindor,ru,50.59,94.0,4.47,98.0,1601230443.0
14.53,20.92,biltine,td,94.23,28.0,5.84,77.0,1601230444.0
-19.55,169.27,isangel,vu,72.68,83.0,7.11,6.0,1601230444.0
39.22,-3.61,villarrubia de los ojos,es,71.01,33.0,1.99,79.0,1601230444.0
33.6,56.92,tabas,ir,86.0,12.0,4.7,18.0,1601230445.0
-11.21,13.84,sumbe,ao,72.25,84.0,8.46,88.0,1601230445.0
64.28,100.25,tura,ru,37.44,87.0,8.05,64.0,1601230445.0
71.04,27.85,mehamn,no,44.6,69.0,11.41,0.0,1601230446.0
-0.91,122.88,biak,id,76.78,83.0,8.66,84.0,1601230446.0
-19.06,-169.92,alofi,nu,73.4,88.0,10.29,98.0,1601230205.0
-41.87,-73.82,ancud,cl,57.0,72.0,1.01,79.0,1601230447.0
50.35,90.5,mugur-aksy,ru,28.96,91.0,2.1,29.0,1601230447.0
38.4,33.41,eskil,tr,73.96,33.0,6.44,0.0,1601230447.0
18.28,-93.32,tecolutilla,mx,86.0,74.0,3.27,40.0,1601230448.0
-21.21,-159.78,avarua,ck,71.6,78.0,9.17,76.0,1601230448.0
34.67,138.95,shimoda,jp,59.0,93.0,5.64,0.0,1601230449.0
-20.01,57.66,grand gaube,mu,73.0,75.0,7.0,35.0,1601230449.0
-7.74,-72.65,rodrigues alves,br,98.82,30.0,4.47,0.0,1601230449.0
70.37,31.11,vardo,no,33.8,80.0,11.41,0.0,1601230450.0
22.5,82.55,katghora,in,75.87,75.0,3.13,40.0,1601230450.0
-14.37,23.24,lukulu,zm,79.83,20.0,3.27,44.0,1601230451.0
40.63,14.37,sorrento,it,66.2,82.0,25.28,75.0,1601230451.0
-37.83,140.77,mount gambier,au,37.4,93.0,4.68,0.0,1601230452.0
18.4,-93.23,paraiso,mx,86.0,74.0,2.46,40.0,1601230433.0
-28.87,153.57,ballina,au,55.4,76.0,5.82,90.0,1601230453.0
4.41,114.01,miri,my,75.2,94.0,5.82,40.0,1601230453.0
30.85,-116.07,camalu,mx,72.0,55.0,4.0,3.0,1601230320.0
66.94,-53.67,sisimiut,gl,35.4,83.0,12.53,95.0,1601230454.0
-19.53,-54.04,camapua,br,102.36,19.0,13.44,3.0,1601230454.0
-11.25,-74.64,satipo,pe,89.51,42.0,3.06,26.0,1601230454.0
61.47,-6.81,vagur,fo,49.06,81.0,27.09,100.0,1601230454.0
21.42,79.27,kandri,in,80.6,78.0,4.29,75.0,1601230455.0
50.68,36.55,severnyy,ru,68.0,28.0,15.66,75.0,1601230455.0
18.23,-72.53,jacmel,ht,84.85,66.0,5.21,16.0,1601230455.0
-25.4,-70.48,taltal,cl,63.75,50.0,7.9,5.0,1601230456.0
12.28,-14.22,gabu,gw,84.07,79.0,2.64,12.0,1601230456.0
51.51,104.15,baykalsk,ru,43.11,73.0,3.53,71.0,1601230457.0
-34.68,150.87,kiama,au,46.0,83.0,4.72,58.0,1601230457.0
-0.95,100.35,padang,id,78.31,67.0,2.89,100.0,1601230458.0
-46.13,167.68,tuatapere,nz,34.0,95.0,7.0,87.0,1601230458.0
-9.4,33.18,itumba,tz,69.44,35.0,4.94,56.0,1601230391.0
42.9,71.37,taraz,kz,42.8,52.0,4.47,0.0,1601230235.0
50.7,-127.42,port hardy,ca,51.8,87.0,23.04,90.0,1601230459.0
31.6,131.37,nichinan,jp,66.0,88.0,3.0,12.0,1601230460.0
-28.19,23.54,danielskuil,za,47.3,42.0,11.5,0.0,1601230460.0
17.02,54.09,salalah,om,80.6,78.0,5.82,75.0,1601230461.0
25.75,-1.0,adrar,dz,100.96,8.0,10.78,26.0,1601230461.0
-24.85,152.35,bundaberg,au,57.2,62.0,6.93,75.0,1601230461.0
18.4,76.58,latur,in,71.08,81.0,2.75,97.0,1601230462.0
-31.54,-68.54,san juan,ar,70.43,23.0,9.95,4.0,1601230462.0
-25.24,130.99,yulara,au,75.2,17.0,5.82,98.0,1601230463.0
28.45,75.82,loharu,in,84.85,27.0,4.21,0.0,1601230463.0
60.47,166.1,tilichiki,ru,33.37,93.0,0.4,0.0,1601230359.0
20.45,121.97,basco,ph,83.55,79.0,11.52,99.0,1601230464.0
63.44,-20.27,vestmannaeyjar,is,46.4,100.0,14.99,75.0,1601230454.0
0.54,123.06,gorontalo,id,74.7,87.0,2.95,81.0,1601230464.0
13.22,-59.52,bathsheba,bb,86.0,74.0,14.99,40.0,1601230464.0
18.73,-103.68,coahuayana,mx,80.6,78.0,5.35,40.0,1601230465.0
-35.44,-60.88,nueve de julio,ar,55.99,56.0,8.99,100.0,1601230215.0
-10.17,123.58,kupang,id,76.51,81.0,7.7,17.0,1601230465.0
-28.55,16.43,oranjemund,na,56.57,69.0,9.66,0.0,1601230466.0
65.75,150.85,zyryanka,ru,41.38,65.0,13.69,70.0,1601230333.0
29.58,-9.5,tiznit,ma,73.02,51.0,5.28,0.0,1601230466.0
44.83,-106.92,sheridan,us,55.99,37.0,27.51,75.0,1601230333.0
62.8,43.25,rochegda,ru,51.48,92.0,3.6,78.0,1601230467.0
69.38,178.42,leningradskiy,ru,26.87,90.0,7.78,0.0,1601230467.0
-8.74,24.99,kamina,cd,72.84,66.0,8.59,60.0,1601230468.0
7.41,99.52,kantang,th,78.03,85.0,3.02,100.0,1601230469.0
-20.74,116.85,karratha,au,67.98,42.0,15.93,0.0,1601230469.0
33.73,135.98,shingu,jp,61.29,77.0,7.18,0.0,1601230470.0
51.23,-58.65,saint-augustin,ca,66.74,62.0,15.84,98.0,1601230470.0
-21.27,55.42,saint-louis,re,69.8,64.0,5.82,78.0,1601230470.0
31.71,-98.99,brownwood,us,87.8,52.0,12.75,1.0,1601230471.0
16.41,-3.67,goundam,ml,100.49,17.0,4.05,49.0,1601230471.0
20.93,-17.03,nouadhibou,mr,78.8,69.0,19.46,0.0,1601230344.0
-15.2,12.15,namibe,ao,65.23,83.0,4.32,68.0,1601230472.0
50.32,44.8,kotovo,ru,55.15,38.0,14.29,32.0,1601230472.0
70.86,29.09,berlevag,no,35.6,74.0,4.7,3.0,1601230472.0
-28.78,32.04,richards bay,za,59.7,94.0,5.99,100.0,1601230473.0
42.31,-83.48,canton,us,75.2,64.0,12.75,40.0,1601230458.0
43.32,145.57,nemuro,jp,56.48,80.0,21.65,8.0,1601230473.0
26.33,43.98,buraydah,sa,91.4,18.0,3.36,0.0,1601230390.0
-35.33,-72.42,constitucion,cl,60.46,57.0,14.99,1.0,1601230444.0
25.29,60.64,chabahar,ir,82.47,72.0,5.21,0.0,1601230474.0
68.75,161.3,cherskiy,ru,36.27,80.0,18.25,100.0,1601230474.0
59.76,18.7,norrtalje,se,59.0,83.0,4.0,15.0,1601230474.0
62.23,-6.59,klaksvik,fo,46.4,87.0,19.46,100.0,1601230475.0
3.38,-59.8,lethem,gy,93.9,44.0,1.16,31.0,1601230475.0
3.07,172.79,butaritari,ki,81.82,80.0,13.27,76.0,1601230475.0
20.52,-13.05,atar,mr,99.46,15.0,12.55,11.0,1601230476.0
39.52,-6.37,caceres,es,75.99,41.0,1.99,2.0,1601230476.0
-20.57,164.28,koumac,nc,71.76,89.0,10.58,36.0,1601230477.0
68.82,32.81,murmashi,ru,32.0,88.0,4.47,40.0,1601230477.0
23.6,58.55,ruwi,om,86.0,62.0,3.36,0.0,1601230478.0
-35.17,173.17,ahipara,nz,55.96,82.0,15.86,29.0,1601230478.0
36.82,50.87,tonekabon,ir,75.2,78.0,4.7,75.0,1601230478.0
1.24,111.46,sri aman,my,73.4,94.0,1.23,100.0,1601230479.0
15.65,-92.13,frontera comalapa,mx,82.9,67.0,2.35,83.0,1601230479.0
28.5,-106.0,chihuahua,mx,84.2,20.0,11.65,5.0,1601230480.0
34.23,-77.94,wilmington,us,78.8,61.0,4.7,75.0,1601230305.0
22.88,116.07,jiazi,cn,74.55,86.0,13.58,99.0,1601230480.0
68.53,146.42,belaya gora,ru,42.26,64.0,5.99,100.0,1601230481.0
60.72,-46.03,qaqortoq,gl,42.8,45.0,4.7,0.0,1601230481.0
10.46,-64.18,cumana,ve,89.6,62.0,4.7,74.0,1601230481.0
52.7,115.17,verkh-usugli,ru,32.36,96.0,3.98,5.0,1601230482.0
48.93,-125.55,ucluelet,ca,57.99,87.0,4.7,90.0,1601230481.0
28.37,121.36,wenling,cn,73.99,79.0,6.38,99.0,1601230482.0
-2.68,111.62,pangkalanbuun,id,74.62,95.0,1.88,99.0,1601230208.0
-16.48,-151.75,faanui,pf,78.19,80.0,14.83,26.0,1601230483.0
-3.7,128.18,ambon,id,75.2,100.0,5.82,75.0,1601230483.0
-41.45,147.17,launceston,au,37.4,85.0,0.63,0.0,1601230484.0
-31.95,141.43,broken hill,au,50.0,57.0,6.93,38.0,1601230452.0
-38.33,141.6,portland,au,40.21,82.0,5.21,0.0,1601230485.0
-13.7,-76.22,pisco,pe,68.0,72.0,12.75,1.0,1601230485.0
24.69,46.72,riyadh,sa,93.2,18.0,3.36,0.0,1601230346.0
16.98,-89.9,san jose,gt,92.53,49.0,4.41,87.0,1601230486.0
59.7,150.17,arman,ru,41.25,87.0,0.2,19.0,1601230486.0
-21.13,164.9,pouembout,nc,69.82,89.0,5.55,53.0,1601230486.0
-10.62,150.67,samarai,pg,79.32,85.0,11.39,69.0,1601230487.0
28.66,-17.92,los llanos de aridane,es,75.2,64.0,19.46,20.0,1601230487.0
-9.07,-44.36,bom jesus,br,102.07,15.0,6.46,96.0,1601230488.0
50.68,156.12,severo-kurilsk,ru,47.91,84.0,23.02,100.0,1601230488.0
10.28,22.79,birao,cf,77.72,74.0,1.43,87.0,1601230488.0
67.45,153.68,srednekolymsk,ru,42.22,63.0,9.06,99.0,1601230488.0
-4.32,15.32,kinshasa,cd,84.2,54.0,8.05,75.0,1601230489.0
22.24,68.97,dwarka,in,82.47,68.0,8.75,44.0,1601230489.0
-30.98,150.25,gunnedah,au,41.0,86.0,10.29,0.0,1601230490.0
30.33,10.85,nalut,ly,83.82,18.0,14.09,57.0,1601230490.0
17.96,-102.2,lazaro cardenas,mx,84.88,70.0,3.74,98.0,1601230490.0
-13.44,-49.15,porangatu,br,101.98,15.0,2.21,16.0,1601230491.0
21.39,-158.15,nanakuli,us,77.0,83.0,3.36,1.0,1601230442.0
70.63,147.92,chokurdakh,ru,39.67,79.0,6.76,100.0,1601230393.0
18.74,7.39,arlit,ne,99.23,13.0,5.55,51.0,1601230491.0
-12.04,-77.03,lima,pe,66.2,72.0,8.05,75.0,1601230299.0
2.74,23.78,aketi,cd,72.01,95.0,5.59,98.0,1601230492.0
-11.33,-74.53,mazamari,pe,89.17,41.0,3.85,21.0,1601230492.0
24.32,-107.36,eldorado,mx,95.0,52.0,5.97,75.0,1601230493.0
35.91,116.31,zhoucheng,cn,62.55,80.0,5.37,48.0,1601230494.0
45.44,40.58,kropotkin,ru,70.03,50.0,15.37,82.0,1601230494.0
68.05,39.51,ostrovnoy,ru,40.55,80.0,6.11,47.0,1601230495.0
72.79,-56.15,upernavik,gl,28.65,94.0,9.1,87.0,1601230330.0
51.8,68.33,atbasar,kz,44.83,68.0,4.68,63.0,1601230495.0
69.49,88.4,talnakh,ru,33.8,100.0,4.47,75.0,1601230496.0
62.49,17.33,timra,se,53.01,93.0,5.82,90.0,1601230496.0
53.05,158.65,petropavlovsk-kamchatskiy,ru,33.8,86.0,6.71,75.0,1601230415.0
-21.37,55.62,saint-joseph,re,69.8,64.0,5.82,69.0,1601230496.0
1.33,172.98,bairiki,ki,80.6,78.0,10.29,40.0,1601230497.0
53.55,-0.49,brigg,gb,53.6,81.0,10.29,75.0,1601230497.0
65.85,74.49,pangody,ru,41.43,73.0,20.09,80.0,1601230497.0
15.4,79.52,kanigiri,in,79.47,79.0,3.58,51.0,1601230498.0
-0.41,-65.02,santa isabel do rio negro,br,95.25,44.0,1.52,75.0,1601230470.0
26.54,-77.06,marsh harbour,bs,83.62,71.0,8.01,12.0,1601230499.0
20.86,92.31,teknaf,bd,79.7,90.0,7.63,31.0,1601230499.0
-20.52,57.52,souillac,mu,71.6,83.0,11.41,40.0,1601230500.0
27.32,103.72,zhaotong,cn,56.21,93.0,3.91,100.0,1601230500.0
18.48,31.82,marawi,sd,98.37,11.0,7.9,73.0,1601230501.0
57.79,-152.41,kodiak,us,48.2,87.0,28.86,90.0,1601230502.0
-9.01,-35.22,maragogi,br,79.54,78.0,10.29,98.0,1601230239.0
22.99,120.21,tainan,tw,75.2,78.0,1.12,40.0,1601230503.0
-17.57,-52.55,mineiros,br,94.77,22.0,9.73,11.0,1601230348.0
-22.9,-43.21,rio de janeiro,br,104.0,55.0,6.93,70.0,1601230324.0
66.5,25.72,rovaniemi,fi,42.8,100.0,12.75,90.0,1601230504.0
69.47,25.51,karasjok,no,41.0,60.0,31.09,0.0,1601230504.0
-26.65,15.16,luderitz,na,56.39,65.0,21.97,0.0,1601230505.0
44.37,-65.03,caledonia,ca,77.0,69.0,1.99,30.0,1601230505.0
34.15,-119.2,port hueneme,us,73.99,77.0,3.36,90.0,1601230293.0
39.15,-123.21,ukiah,us,87.01,41.0,0.36,1.0,1601230506.0
40.2,140.02,noshiro,jp,61.38,84.0,13.0,31.0,1601230507.0
-31.33,27.85,elliot,za,37.04,88.0,4.94,52.0,1601230507.0
64.68,24.48,raahe,fi,53.6,93.0,9.17,75.0,1601230508.0
10.7,37.07,bure,et,56.8,91.0,3.0,33.0,1601230508.0
-3.86,39.47,mariakani,ke,72.82,87.0,5.57,62.0,1601230509.0
70.66,23.68,hammerfest,no,44.6,52.0,19.46,1.0,1601230509.0
15.4,73.8,mormugao,in,77.0,100.0,5.55,20.0,1601230510.0
16.86,-99.89,acapulco,mx,84.2,74.0,5.82,90.0,1601230511.0
13.17,44.58,lahij,ye,84.07,67.0,5.86,40.0,1601230511.0
-29.95,-71.34,coquimbo,cl,60.8,63.0,14.99,0.0,1601230512.0
42.34,78.0,kyzyl-suu,kg,44.35,71.0,6.22,70.0,1601230512.0
-25.97,32.59,maputo,mz,70.0,79.0,4.0,74.0,1601230251.0
-23.94,31.14,phalaborwa,za,68.52,67.0,10.47,25.0,1601230513.0
35.11,32.85,lefka,cy,78.8,69.0,10.29,0.0,1601230513.0
12.22,125.48,alugan,ph,81.48,80.0,5.61,28.0,1601230514.0
-15.77,128.73,kununurra,au,77.0,94.0,9.19,100.0,1601230514.0
-45.58,-72.07,coihaique,cl,53.6,50.0,8.05,75.0,1601230514.0
43.48,-8.24,ferrol,es,61.0,63.0,8.05,30.0,1601230423.0
-7.75,-34.83,itamaraca,br,84.2,70.0,16.11,40.0,1601230515.0
7.21,121.94,malayal,ph,80.15,74.0,3.15,86.0,1601230515.0
-36.37,146.33,wangaratta,au,35.01,100.0,2.37,0.0,1601230516.0
68.56,14.91,stokmarknes,no,50.0,43.0,20.8,0.0,1601230516.0
22.99,-82.75,mariel,cu,89.6,55.0,3.36,40.0,1601230517.0
31.35,27.25,marsa matruh,eg,80.6,83.0,5.82,40.0,1601230452.0
68.05,166.44,bilibino,ru,26.31,94.0,2.19,54.0,1601230517.0
20.71,70.98,diu,in,78.58,79.0,6.06,14.0,1601230517.0
52.47,96.11,toora-khem,ru,29.7,96.0,0.69,33.0,1601230518.0
33.38,74.3,rajauri,in,68.11,33.0,6.53,0.0,1601230519.0
25.02,37.27,umm lajj,sa,85.1,57.0,9.19,0.0,1601230519.0
61.28,108.01,yerbogachen,ru,43.65,71.0,10.94,100.0,1601230367.0
23.0,91.73,sabrum,in,76.73,93.0,3.09,90.0,1601230520.0
1.55,110.33,kuching,my,73.4,100.0,3.36,40.0,1601230484.0
56.42,58.53,arti,ru,47.37,89.0,4.25,12.0,1601230521.0
5.86,-0.66,asamankese,gh,78.8,88.0,13.87,20.0,1601230521.0
27.37,87.2,khandbari,np,69.24,72.0,1.28,7.0,1601230411.0
-21.64,-41.05,sao joao da barra,br,89.6,49.0,13.87,2.0,1601230522.0
50.23,-63.6,havre-saint-pierre,ca,57.2,87.0,5.82,75.0,1601230522.0
4.87,-2.24,axim,gh,76.8,87.0,9.44,35.0,1601230522.0
14.9,-24.5,sao filipe,cv,81.19,81.0,9.55,63.0,1601230523.0
63.46,48.9,koslan,ru,51.19,92.0,3.62,97.0,1601230523.0
55.22,-119.44,beaverlodge,ca,53.6,50.0,14.99,40.0,1601230523.0
-6.29,145.87,kainantu,pg,59.4,96.0,1.36,90.0,1601230524.0
65.42,-52.9,maniitsoq,gl,36.91,79.0,10.6,5.0,1601230524.0
48.14,-80.04,kirkland lake,ca,69.8,77.0,21.92,90.0,1601230504.0
28.71,-81.21,seminole,us,90.0,55.0,9.17,20.0,1601230448.0
-5.02,32.8,tabora,tz,77.0,65.0,1.77,20.0,1601230525.0
50.78,121.52,genhe,cn,37.29,89.0,5.08,0.0,1601230526.0
-3.14,142.35,aitape,pg,78.1,84.0,4.79,80.0,1601230526.0
29.54,67.88,sibi,pk,87.66,17.0,1.81,0.0,1601230527.0
-0.22,20.87,boende,cd,72.46,96.0,1.12,100.0,1601230528.0
25.75,75.38,devli,in,80.62,54.0,7.05,41.0,1601230528.0
32.5,62.5,farah,af,61.56,29.0,3.87,0.0,1601230395.0
-30.03,-70.71,vicuna,cl,60.8,63.0,14.99,0.0,1601230275.0
20.7,-105.2,ixtapa,mx,88.0,70.0,4.7,20.0,1601230529.0
-21.34,55.48,saint-pierre,re,69.8,64.0,5.82,72.0,1601230434.0
58.84,125.49,nizhniy kuranakh,ru,42.22,87.0,13.11,78.0,1601230530.0
56.17,107.45,magistralnyy,ru,40.28,74.0,5.35,56.0,1601230330.0
-32.5,137.77,port augusta,au,57.2,50.0,5.82,38.0,1601230530.0
-3.67,152.43,namatanai,pg,77.52,89.0,6.67,100.0,1601230531.0
15.06,43.29,bajil,ye,88.86,61.0,2.39,79.0,1601230532.0
42.1,1.85,berga,es,63.0,55.0,8.99,100.0,1601230532.0
53.94,139.92,mnogovershinnyy,ru,41.38,96.0,4.65,0.0,1601230532.0
-3.6,26.67,kampene,cd,71.47,94.0,4.97,100.0,1601230533.0
32.29,-64.78,hamilton,bm,80.6,78.0,14.99,75.0,1601230533.0
78.22,15.64,longyearbyen,sj,33.8,86.0,9.17,75.0,1601230534.0
66.83,70.83,yar-sale,ru,40.19,83.0,13.47,37.0,1601230534.0
-35.72,150.18,batemans bay,au,42.01,90.0,1.01,14.0,1601230535.0
13.59,-89.83,acajutla,sv,86.0,70.0,4.7,20.0,1601230535.0
4.93,-52.33,cayenne,gf,89.6,62.0,13.87,22.0,1601230536.0
14.05,124.17,pandan,ph,80.46,83.0,6.08,49.0,1601230382.0
27.67,85.28,kirtipur,np,69.8,94.0,0.36,20.0,1601230536.0
-5.85,39.32,kijini,tz,77.0,83.0,4.7,20.0,1601230537.0
57.84,108.35,alekseyevsk,ru,42.69,79.0,9.42,95.0,1601230537.0
1.0,-52.0,amapa,br,93.09,39.0,6.53,40.0,1601230538.0
-31.43,152.92,port macquarie,au,48.99,85.0,7.56,71.0,1601230538.0
64.5,-165.41,nome,us,35.6,69.0,12.75,40.0,1601230538.0
-27.16,-48.55,porto belo,br,77.0,73.0,11.41,75.0,1601230539.0
36.8,4.27,timizart,dz,59.61,73.0,5.06,49.0,1601230539.0
49.78,-74.85,chapais,ca,62.6,88.0,16.11,90.0,1601230540.0
21.65,-101.5,ocampo,mx,73.11,31.0,7.78,0.0,1601230540.0
62.88,152.43,seymchan,ru,37.63,73.0,10.18,25.0,1601230540.0
57.67,66.17,nizhnyaya tavda,ru,48.87,95.0,4.92,25.0,1601230541.0
-7.76,113.4,kraksaan,id,78.96,68.0,10.22,72.0,1601230541.0
31.6,117.87,chaohu,cn,64.4,88.0,4.47,35.0,1601230542.0
66.0,111.5,aykhal,ru,32.0,94.0,6.71,90.0,1601230542.0
-8.77,160.7,auki,sb,75.79,89.0,3.91,100.0,1601230542.0
40.84,8.4,porto torres,it,62.6,67.0,9.17,40.0,1601230543.0
22.57,59.53,sur,om,83.53,52.0,8.34,22.0,1601230543.0
12.58,-81.7,san andres,co,87.8,74.0,9.17,40.0,1601230401.0
51.33,9.17,wolfhagen,de,51.8,81.0,3.36,75.0,1601230280.0
43.46,-3.8,santander,es,63.0,59.0,10.29,75.0,1601230320.0
45.62,-61.35,port hawkesbury,ca,73.0,68.0,9.17,1.0,1601230544.0
57.05,-2.49,banchory,gb,48.2,76.0,4.7,84.0,1601230544.0
50.1,-91.92,sioux lookout,ca,55.4,87.0,10.29,90.0,1601230545.0
50.1,118.04,krasnokamensk,ru,39.94,72.0,12.82,0.0,1601230545.0
-34.48,-54.33,rocha,uy,67.33,89.0,9.4,100.0,1601230460.0
56.69,54.35,foki,ru,47.64,86.0,3.65,10.0,1601230546.0
62.58,6.13,roald,no,54.0,81.0,4.7,3.0,1601230546.0
50.63,87.96,ulagan,ru,30.16,89.0,1.34,42.0,1601230547.0
24.07,90.97,bhairab bazar,bd,84.2,70.0,6.04,40.0,1601230541.0
-0.97,-62.92,barcelos,br,91.49,48.0,1.77,82.0,1601230547.0
8.64,-83.17,golfito,cr,84.9,69.0,5.17,83.0,1601230513.0
-8.71,116.27,praya,id,75.2,94.0,5.97,40.0,1601230548.0
-0.95,122.79,luwuk,id,77.45,81.0,7.09,78.0,1601230548.0
20.51,-86.95,cozumel,mx,91.4,59.0,8.05,75.0,1601230549.0
61.99,-49.67,paamiut,gl,38.23,77.0,18.43,35.0,1601230549.0
-8.1,156.84,gizo,sb,82.65,74.0,14.67,100.0,1601230550.0
55.43,86.08,borovoy,ru,41.0,80.0,2.24,63.0,1601230550.0
51.15,-100.05,dauphin,ca,53.6,71.0,12.75,90.0,1601230550.0
37.55,-121.99,fremont,us,84.0,47.0,4.7,5.0,1601230413.0
43.41,-124.22,north bend,us,63.0,82.0,4.7,1.0,1601230551.0
14.69,-17.44,dakar,sn,86.0,74.0,6.93,40.0,1601230501.0
64.89,-23.71,olafsvik,is,45.48,79.0,7.87,100.0,1601230551.0
7.53,3.42,eruwa,ng,73.44,92.0,2.8,92.0,1601230552.0
47.38,-61.86,cap-aux-meules,ca,68.0,72.0,21.92,75.0,1601230552.0
-37.72,-72.23,mulchen,cl,59.0,54.0,11.41,0.0,1601230552.0
2.67,72.89,kudahuvadhoo,mv,82.99,68.0,3.27,35.0,1601230553.0
-19.23,17.72,tsumeb,na,77.94,16.0,11.03,0.0,1601230553.0
48.04,40.05,almaznyy,ru,71.6,35.0,22.37,20.0,1601230554.0
-23.76,-45.41,sao sebastiao,br,84.81,55.0,2.91,6.0,1601230554.0
40.28,97.2,yumen,cn,54.64,34.0,8.55,100.0,1601230368.0
-17.97,122.23,broome,au,78.8,78.0,6.93,3.0,1601230555.0
4.75,-55.17,brokopondo,sr,89.56,55.0,1.23,51.0,1601230555.0
-10.67,-77.83,paramonga,pe,67.39,68.0,9.19,31.0,1601230556.0
59.38,143.3,okhotsk,ru,49.77,87.0,12.5,76.0,1601230329.0
-3.3,-60.62,manacapuru,br,86.0,70.0,3.36,75.0,1601230305.0
-23.65,-70.4,antofagasta,cl,60.8,63.0,14.99,20.0,1601230431.0
-34.58,150.86,flinders,au,46.0,76.0,1.01,72.0,1601230557.0
23.77,75.55,alot,in,73.13,78.0,7.92,6.0,1601230557.0
61.36,63.58,sovetskiy,ru,51.42,84.0,6.33,91.0,1601230558.0
-11.41,-39.46,valente,br,92.71,23.0,8.61,0.0,1601230558.0
31.57,72.65,bhawana,pk,82.83,25.0,5.7,0.0,1601230558.0
52.88,-118.09,jasper,ca,48.47,50.0,6.73,47.0,1601230559.0
62.83,10.01,berkak,no,55.0,88.0,10.54,40.0,1601230559.0
-23.86,35.38,inhambane,mz,72.9,91.0,7.76,25.0,1601230560.0
35.73,140.83,hasaki,jp,62.6,100.0,2.24,40.0,1601230560.0
-12.7,45.07,mtsamboro,yt,77.0,78.0,10.29,20.0,1601230560.0
24.03,-74.52,cockburn town,bs,82.96,63.0,6.96,31.0,1601230561.0
66.04,-17.34,husavik,is,44.6,93.0,5.82,75.0,1601230561.0
35.13,140.3,katsuura,jp,68.0,94.0,2.24,40.0,1601230448.0
-12.58,13.41,benguela,ao,71.38,79.0,5.93,56.0,1601230562.0
-16.78,-151.5,tevaitoa,pf,79.25,77.0,14.43,6.0,1601230562.0
-3.33,35.67,karatu,tz,70.61,54.0,3.09,66.0,1601230563.0
60.05,69.9,gornopravdinsk,ru,49.87,95.0,5.46,30.0,1601230563.0
2.79,24.73,buta,cd,71.28,97.0,3.02,100.0,1601230563.0
36.1,0.42,sidi ali,dz,69.53,58.0,3.53,5.0,1601230564.0
59.57,7.99,amot,no,53.01,91.0,3.38,39.0,1601230564.0
29.49,74.08,pilibanga,in,89.49,20.0,7.9,0.0,1601230565.0
52.3,6.75,borne,nl,55.99,84.0,2.77,100.0,1601230493.0
64.48,76.69,purpe,ru,48.0,81.0,3.0,95.0,1601230565.0
22.68,-3.98,taoudenni,ml,102.34,8.0,3.13,0.0,1601230565.0
-5.56,-80.82,sechura,pe,77.09,49.0,12.75,18.0,1601230566.0
48.13,-78.13,malartic,ca,66.2,82.0,18.34,90.0,1601230566.0
34.03,75.33,pahalgam,in,48.13,54.0,3.2,0.0,1601230566.0
54.72,-113.29,athabasca,ca,50.31,72.0,11.99,85.0,1601230459.0
43.38,133.9,lazo,ru,45.0,84.0,2.82,0.0,1601230567.0
-0.72,8.78,port-gentil,ga,78.8,74.0,12.75,75.0,1601230568.0
58.3,-134.42,juneau,us,48.2,81.0,25.28,90.0,1601230568.0
14.67,-4.0,mopti,ml,89.6,62.0,4.7,20.0,1601230569.0
-17.93,19.77,rundu,na,80.2,15.0,2.21,0.0,1601230570.0
-5.79,-35.21,natal,br,86.0,55.0,18.34,20.0,1601230571.0
65.98,60.31,verkhnyaya inta,ru,41.0,81.0,6.64,48.0,1601230571.0
-7.19,-48.21,araguaina,br,98.67,26.0,5.77,10.0,1601230572.0
-22.28,166.58,mont-dore,nc,69.8,94.0,3.36,90.0,1601230572.0
2.04,45.34,mogadishu,so,78.15,82.0,14.14,71.0,1601230336.0
24.03,-106.88,el carrizo,mx,91.99,73.0,8.01,66.0,1601230572.0
-37.88,147.98,lakes entrance,au,37.0,92.0,10.49,1.0,1601230573.0
8.06,-6.19,mankono,ci,76.91,87.0,2.28,75.0,1601230573.0
33.08,-16.33,camacha,pt,71.6,64.0,12.75,40.0,1601230574.0
54.32,-130.32,prince rupert,ca,53.6,81.0,23.04,90.0,1601230439.0
14.2,24.67,kutum,sd,83.17,43.0,3.15,70.0,1601230574.0
40.81,111.65,hohhot,cn,55.4,82.0,2.24,74.0,1601230575.0
-9.43,159.95,honiara,sb,73.4,100.0,4.7,75.0,1601230575.0
-0.58,117.09,loa janan,id,74.21,93.0,1.9,85.0,1601230576.0
65.58,-171.0,lavrentiya,ru,32.72,93.0,10.83,71.0,1601230576.0
-3.73,-44.22,pirapemas,br,97.99,33.0,2.37,38.0,1601230576.0
54.3,110.3,kurumkan,ru,37.49,78.0,4.21,7.0,1601230577.0
5.49,-70.41,la primavera,co,87.51,66.0,5.88,91.0,1601230577.0
64.57,143.2,ust-nera,ru,42.89,64.0,6.35,99.0,1601230579.0
45.3,35.78,lenine,ua,71.24,65.0,13.18,39.0,1601230579.0
26.04,68.14,sann,pk,89.6,59.0,4.7,0.0,1601230580.0
-14.7,-74.13,puquio,pe,65.07,27.0,14.23,3.0,1601230580.0
1.17,108.97,pemangkat,id,76.21,87.0,5.59,100.0,1601230580.0
35.55,133.23,sakaiminato,jp,68.0,64.0,11.41,75.0,1601230581.0
5.35,48.53,hobyo,so,76.44,88.0,17.36,100.0,1601230581.0
19.29,-81.37,george town,ky,91.4,70.0,9.17,40.0,1601230582.0
20.87,-90.4,celestun,mx,90.37,59.0,5.55,98.0,1601230582.0
-10.74,-40.36,pindobacu,br,92.86,21.0,7.99,6.0,1601230582.0
-29.86,31.03,durban,za,55.99,93.0,11.41,90.0,1601230583.0
-35.34,143.55,swan hill,au,38.12,90.0,5.44,0.0,1601230583.0
21.48,-101.22,san felipe,mx,73.4,43.0,4.7,20.0,1601230583.0
25.75,71.38,barmer,in,84.02,52.0,12.84,0.0,1601230583.0
54.77,-101.86,flin flon,ca,48.2,70.0,18.34,90.0,1601230506.0
6.04,80.22,galle,lk,80.37,83.0,8.19,52.0,1601230584.0
43.98,46.7,komsomolskiy,ru,61.47,58.0,16.17,5.0,1601230584.0
31.42,130.32,kaseda,jp,66.0,88.0,3.0,3.0,1601230585.0
25.02,79.05,jatara,in,79.66,69.0,5.93,49.0,1601230585.0
0.13,117.5,bontang,id,77.97,85.0,8.05,97.0,1601230585.0
-5.42,38.02,chanika,tz,69.48,80.0,8.84,27.0,1601230586.0
-6.98,-34.83,cabedelo,br,86.0,58.0,16.11,20.0,1601230586.0
-5.12,-60.38,novo aripuana,br,99.84,31.0,2.39,74.0,1601230586.0
43.21,-8.69,carballo,es,59.0,67.0,9.17,34.0,1601230587.0
28.18,68.04,usta muhammad,pk,84.38,24.0,5.1,0.0,1601230587.0
-10.07,-78.15,huarmey,pe,68.86,64.0,10.87,37.0,1601230588.0
-4.18,13.29,nkayi,cg,79.77,64.0,8.86,89.0,1601230588.0
37.02,111.91,jiexiu,cn,61.54,68.0,2.84,43.0,1601230589.0
44.3,86.03,shihezi,cn,51.76,45.0,3.42,100.0,1601230589.0
45.49,18.09,nasice,hr,61.0,82.0,6.51,96.0,1601230589.0
-16.97,-48.95,bela vista de goias,br,96.8,20.0,10.29,40.0,1601230590.0
-17.71,-39.25,caravelas,br,81.64,57.0,9.44,0.0,1601230336.0
18.09,-15.98,nouakchott,mr,86.0,79.0,14.99,20.0,1601230590.0
41.5,33.67,kastamonu,tr,58.64,89.0,3.06,51.0,1601230354.0
65.11,57.05,kozhva,ru,45.55,78.0,8.37,100.0,1601230591.0
12.07,-1.34,kombissiri,bf,87.8,52.0,8.05,40.0,1601230591.0
4.42,-7.35,tabou,ci,78.1,84.0,8.93,33.0,1601230592.0
-3.38,-57.72,maues,br,98.83,34.0,2.44,66.0,1601230592.0
-22.96,14.51,walvis bay,na,60.8,44.0,13.87,0.0,1601230593.0
-19.16,-45.45,abaete,br,97.21,14.0,2.53,0.0,1601230593.0
6.3,-10.8,monrovia,lr,80.6,83.0,3.36,75.0,1601230594.0
-26.19,152.66,gympie,au,54.0,83.0,1.01,0.0,1601230595.0
19.05,-70.15,cotui,do,93.2,66.0,6.93,20.0,1601230596.0
61.51,38.95,kargopol,ru,52.54,94.0,4.23,0.0,1601230596.0
47.38,110.32,moron,mn,39.31,70.0,5.06,74.0,1601230596.0
50.12,26.82,izyaslav,ua,52.39,77.0,10.47,92.0,1601230597.0
-23.7,133.88,alice springs,au,64.4,18.0,6.93,0.0,1601230597.0
36.06,103.79,lanzhou,cn,60.01,64.0,2.62,82.0,1601230598.0
-4.97,39.83,micheweni,tz,77.25,83.0,7.2,45.0,1601230598.0
67.68,53.15,iskateley,ru,38.37,82.0,5.64,11.0,1601230492.0
-2.02,147.27,lorengau,pg,80.8,79.0,4.45,49.0,1601230599.0
11.09,-6.89,kolondieba,ml,82.47,69.0,3.36,66.0,1601230599.0
52.54,43.25,tamala,ru,53.38,43.0,12.1,0.0,1601230600.0
7.13,-3.2,agnibilekrou,ci,74.39,86.0,1.23,89.0,1601230600.0
55.1,-105.28,la ronge,ca,48.2,66.0,19.46,75.0,1601230601.0
36.04,-114.98,henderson,us,88.0,16.0,12.75,1.0,1601230601.0
-14.27,50.17,sambava,mg,72.5,86.0,7.16,8.0,1601230601.0
-22.09,-70.2,tocopilla,cl,66.18,49.0,9.48,24.0,1601230602.0
31.67,38.66,turayf,sa,82.4,32.0,9.17,0.0,1601230602.0
6.19,-67.49,puerto carreno,co,91.27,54.0,2.59,70.0,1601230602.0
53.71,16.7,szczecinek,pl,48.99,93.0,9.22,100.0,1601230603.0
-43.3,-65.1,rawson,ar,58.8,37.0,9.95,0.0,1601230584.0
10.26,-85.59,santa cruz,cr,87.8,70.0,2.24,40.0,1601230476.0
31.65,-106.3,socorro,us,90.0,14.0,12.75,5.0,1601230529.0
40.74,-114.07,west wendover,us,60.8,38.0,9.17,1.0,1601230604.0
27.04,14.43,sabha,ly,88.65,13.0,7.38,0.0,1601230604.0
60.55,-151.26,kenai,us,51.01,70.0,23.04,1.0,1601230604.0
48.68,71.64,atasu,kz,42.46,65.0,8.19,0.0,1601230605.0
43.38,24.85,pordim,bg,62.6,42.0,2.24,5.0,1601230605.0
49.5,-115.77,cranbrook,ca,50.0,61.0,5.82,20.0,1601230505.0
31.72,130.27,kushikino,jp,66.0,88.0,3.0,2.0,1601230605.0
4.14,96.13,meulaboh,id,77.49,84.0,4.16,99.0,1601230606.0
41.24,-81.84,brunswick,us,78.01,60.0,19.46,1.0,1601230606.0
47.84,-83.4,chapleau,ca,60.8,77.0,10.29,75.0,1601230607.0
-7.47,-34.81,pitimbu,br,86.0,58.0,16.11,20.0,1601230607.0
65.61,72.68,staryy nadym,ru,42.69,68.0,19.26,77.0,1601230607.0
34.37,107.36,guozhen,cn,64.47,66.0,1.48,90.0,1601230608.0
6.12,81.12,hambantota,lk,80.56,80.0,15.17,36.0,1601230608.0
1.74,98.78,sibolga,id,76.75,72.0,2.89,100.0,1601230609.0
-8.12,111.89,boyolangu,id,75.02,87.0,5.66,74.0,1601230609.0
-20.4,164.57,pouebo,nc,72.01,87.0,7.05,40.0,1601230609.0
-34.73,135.87,port lincoln,au,56.07,80.0,15.08,68.0,1601230610.0
50.12,-5.54,penzance,gb,55.4,66.0,11.41,23.0,1601230489.0
27.92,96.17,tezu,in,73.83,84.0,2.89,99.0,1601230610.0
26.3,93.87,barpathar,in,74.98,95.0,2.51,100.0,1601230611.0
51.57,-101.9,kamsack,ca,53.6,71.0,23.04,90.0,1601230611.0
52.45,-109.17,unity,ca,50.47,60.0,18.37,19.0,1601230452.0
7.04,134.26,kloulklubed,pw,84.67,70.0,8.57,76.0,1601230612.0
18.69,12.92,bilma,ne,95.29,13.0,7.78,100.0,1601230612.0
60.92,-46.05,narsaq,gl,42.8,45.0,4.7,0.0,1601230612.0
10.44,45.01,berbera,so,90.23,61.0,6.42,0.0,1601230613.0
49.75,-77.63,matagami,ca,64.4,93.0,12.75,90.0,1601230613.0
37.15,122.38,yatou,cn,61.61,82.0,2.53,3.0,1601230614.0
-0.9,-89.62,san cristobal,ec,73.4,78.0,17.22,75.0,1601230614.0
10.99,-74.95,puerto colombia,co,87.8,70.0,4.7,40.0,1601230376.0
-1.2,-46.02,carutapera,br,85.86,61.0,10.67,35.0,1601230614.0
-34.05,23.37,plettenberg bay,za,52.16,69.0,3.91,14.0,1601230615.0
52.9,16.56,czarnkow,pl,52.0,93.0,3.36,100.0,1601230615.0
58.34,44.76,manturovo,ru,48.4,75.0,4.63,22.0,1601230615.0
